Chromosome	Start	Stop	Reference	Variant	Variant Type	Mutation	Protein Position	Gene Name	HLA Allele	Peptide Length	Sub-peptide Position	Mutation Position	MT Epitope Seq	WT Epitope Seq	Median MT Score	Median WT Score	Median Fold Change
chr1	119997043	119997044	G	C	missense	T/S	235	NOTCH2	DPA1*01:03-DPB1*73:01	15	16	1	SCRQTGDFTFECNCL	TCRQTGDFTFECNCL	433.05173862072604	440.07869923467837	1.016
chr1	119997043	119997044	G	C	missense	T/S	235	NOTCH2	DPA1*01:03-DPB1*119:01	15	16	1	SCRQTGDFTFECNCL	TCRQTGDFTFECNCL	481.011738620726	491.07869923467837	1.021
chr1	119997043	119997044	G	C	missense	T/S	235	NOTCH2	DPA1*01:04-DPB1*73:01	15	16	1	SCRQTGDFTFECNCL	TCRQTGDFTFECNCL	433.05173862072604	440.07869923467837	1.016
chr1	119997043	119997044	G	C	missense	T/S	235	NOTCH2	DPA1*01:05-DPB1*119:01	15	16	1	SCRQTGDFTFECNCL	TCRQTGDFTFECNCL	481.011738620726	491.07869923467837	1.021
chr1	119997043	119997044	G	C	missense	T/S	235	NOTCH2	DPA1*01:07-DPB1*73:01	15	16	1	SCRQTGDFTFECNCL	TCRQTGDFTFECNCL	433.05173862072604	440.07869923467837	1.016
chr1	119997043	119997044	G	C	missense	T/S	235	NOTCH2	DPA1*01:09-DPB1*119:01	15	16	1	SCRQTGDFTFECNCL	TCRQTGDFTFECNCL	481.011738620726	491.07869923467837	1.021
chr1	119997043	119997044	G	C	missense	T/S	235	NOTCH2	DPA1*01:10-DPB1*73:01	15	16	1	SCRQTGDFTFECNCL	TCRQTGDFTFECNCL	433.05173862072604	440.07869923467837	1.016
chr1	119997043	119997044	G	C	missense	T/S	235	NOTCH2	DPA1*01:10-DPB1*119:01	15	16	1	SCRQTGDFTFECNCL	TCRQTGDFTFECNCL	481.011738620726	491.07869923467837	1.021
chr1	119997043	119997044	G	C	missense	T/S	235	NOTCH2	DQA1*02:01-DQB1*03:13	15	2	15	LYVPCAPSPCVNGGS	LYVPCAPSPCVNGGT	412.12539964141996	398.5846181390746	0.9670000000000001
chr1	119997043	119997044	G	C	missense	T/S	235	NOTCH2	DQA1*05:01-DQB1*03:01	15	2	15	LYVPCAPSPCVNGGS	LYVPCAPSPCVNGGT	416.555	429.74	1.032
chr1	119997043	119997044	G	C	missense	T/S	235	NOTCH2	DQA1*05:01-DQB1*03:01	15	7	10	APSPCVNGGSCRQTG	APSPCVNGGTCRQTG	332.59795716401715	555.9353174733369	1.671
chr1	119997043	119997044	G	C	missense	T/S	235	NOTCH2	DQA1*05:01-DQB1*03:01	15	9	8	SPCVNGGSCRQTGDF	SPCVNGGTCRQTGDF	486.47919675174586	657.218902946184	1.351
chr1	119997043	119997044	G	C	missense	T/S	235	NOTCH2	DQA1*05:01-DQB1*03:01	15	10	7	PCVNGGSCRQTGDFT	PCVNGGTCRQTGDFT	359.4311742500429	477.4412580538268	1.328
chr1	119997043	119997044	G	C	missense	T/S	235	NOTCH2	DPA1*01:04-DPB1*119:01	15	16	1	SCRQTGDFTFECNCL	TCRQTGDFTFECNCL	481.01199999999994	491.079	1.021
chr1	119997043	119997044	G	C	missense	T/S	235	NOTCH2	DPA1*01:05-DPB1*73:01	15	16	1	SCRQTGDFTFECNCL	TCRQTGDFTFECNCL	433.05199999999996	440.079	1.016
chr1	119997043	119997044	G	C	missense	T/S	235	NOTCH2	DPA1*01:07-DPB1*119:01	15	16	1	SCRQTGDFTFECNCL	TCRQTGDFTFECNCL	481.01199999999994	491.079	1.021
chr1	119997043	119997044	G	C	missense	T/S	235	NOTCH2	DPA1*01:08-DPB1*73:01	15	16	1	SCRQTGDFTFECNCL	TCRQTGDFTFECNCL	433.05199999999996	440.079	1.016
chr1	119997043	119997044	G	C	missense	T/S	235	NOTCH2	DPA1*01:08-DPB1*119:01	15	16	1	SCRQTGDFTFECNCL	TCRQTGDFTFECNCL	481.01199999999994	491.079	1.021
chr1	119997043	119997044	G	C	missense	T/S	235	NOTCH2	DPA1*01:09-DPB1*73:01	15	16	1	SCRQTGDFTFECNCL	TCRQTGDFTFECNCL	433.05199999999996	440.079	1.016
chr1	119997043	119997044	G	C	missense	T/S	235	NOTCH2	DRB1*01:02	15	2	15	LYVPCAPSPCVNGGS	LYVPCAPSPCVNGGT	371.176	400.81800000000004	1.08
chr1	119997043	119997044	G	C	missense	T/S	235	NOTCH2	HLA-B*58:19	11	10	2	GSCRQTGDFTF	GTCRQTGDFTF	360.273	560.014	1.554
